https://img2.doubanio.com/view/photo/s_ratio_poster/public/p2909198461.jpg,玫瑰的故事,整整一年，我等了整整一年，才等到《玫瑰的故事》播出，但15天就播完了！多像我的工资在我卡里一日游的样子！ 但是谁能想到《玫瑰的故事》主创能把一部都市情感剧能拍成一件雅俗共赏的艺术品？！ 俗就是现实，这部剧没有美化任何一个角色，也没有丑化任何一个角色，每个角色都...,整整一年，我等了整整一年，才等到《玫瑰的故事》播出，但15天就播完了！多像我的工资在我卡里一日游的样子！ 但是谁能想到《玫瑰的故事》主创能把一部都市情感剧能拍成一件雅俗共赏的艺术品？！ 俗就是现实，这部剧没有美化任何一个角色，也没有丑化任何一个角色，每个角色都是一个活生生的生命。准确来说，是打开上帝视角让你看人性。 表面上是周士辉为了玫瑰抛弃未婚妻，实际上是他自己幻想和痴心妄想。 表面上庄国栋对玫瑰念念不忘几十年，实际上他的心闲着但身体可没闲着。 表面上方协文淳朴善良，勤劳勇敢、乐于助人，实际上谎话连篇，还偷东西，为了得到目的不计成本。 表面上卷毛妈与玫瑰矛盾重重，实际上全是方协文制造的，他一句话能接来卷毛妈，也能送走卷毛妈。 表面上黄振华爱妹妹、爱白晓荷、爱苏更生，实际上他还爱庄国栋，非常爱！ 表面上是灵魂伴侣、同频共振，实际上他一岁做过开胸手术，十年前修复过心脏。 表面上方协文爱女儿想复婚，实际上他不止跟女秘书过从甚密，想让重男轻女卷毛妈照顾女儿，还控制不住对前妻的控制欲…… 仔细想想，这部剧除了苏更生继父那个老混蛋，其他男人都没有触及人性下限，但好几个还是被out了，其中庄国栋是因为冷暴力，不尊重伴侣（谁懂啊，跟他认识二十年了，玫瑰愣是没点过一次菜，自负哥永远活在自己的世界里）；顾总是因为自己的事业，不愿意来北京，姜总也不愿意去香港，因此离婚、相爱、流产同时发生；方协文是因为控制欲强到变态；庄父是因为没有事业心…… 可见，个人的感受才是第一位的，你不舒服、你不喜欢、你不需要，那你就可以将对方out，而不是非要等到对方触及人性下限。 雅即艺术性，这部剧的艺术性体现在：① 用舞蹈来表示人物的内心世界，冶艳妖娆的玫瑰，戴面具的男人，她的心里越来越迷惑和不安。 ②用绘画来表达初恋的破碎过程，在红酒印子上画玫瑰时，两人的感情已经出现巨大的裂缝，这一阶段的复合是脱敏性复合，果然没过多久，玫瑰消耗完最后的爱意，两人就彻底分手了，她涂掉了满墙的玫瑰，伏在油漆上告别。 ③ 35集灵魂伴侣的华彩篇章是这部剧艺术性的集大成，导演用“高贵的单纯 伟大的宁静”来形容这段，真是恰如其分。 ④用给小初的三封信来探讨出生、成长、死亡这三个有些沉重的命题。 ⑤结局前何西送给玫瑰的“钢铁玫瑰”也挺有艺术性的。 最后说说现在全网盛赞“除了美貌全是演技”的刘亦菲，我觉得她是这部剧成功的关键。 只有她的美貌担得起这部剧的人设，更让人惊喜的是，她的演技也完全hold住了这二十年的戏份，二十岁办公室轮滑时的烂漫怒放、三十岁谈离婚时的温柔沉静、四十岁骑机车开飞机时的重新出发，都被她演绎的淋漓尽致。 除此之外，她的演技高光包括但不限于：“巴黎呀”、画玫瑰、失恋淋雨、第一次胎动、生孩子、离婚、雨中争吵、山顶相拥、丧服起舞…… 这部剧她的演技值得一切赞美和荣誉！
https://img2.doubanio.com/view/photo/s_ratio_poster/public/p2909198461.jpg,玫瑰的故事,一、 这是一部玛丽苏剧吗？不是的。 这是一部讲爱情的剧吗？其实也不是。 《玫瑰的故事》其实解答的是一个经典的问题：我们的一生究竟应该怎样度过？ 黄亦玫给出了这么一个答案：允许一切发生。允许一切像风一样吹过我，像水一样流经我。 无论命运给予你什么，接受它，然后，汲...,"一、

这是一部玛丽苏剧吗？不是的。
这是一部讲爱情的剧吗？其实也不是。

《玫瑰的故事》其实解答的是一个经典的问题：我们的一生究竟应该怎样度过？

黄亦玫给出了这么一个答案：允许一切发生。允许一切像风一样吹过我，像水一样流经我。

无论命运给予你什么，接受它，然后，汲取能够汲取的，内化能够内化的，用它们来充实你的生命，让你变得更强大。

这部剧既不苏，也不爽，它不是一部女主集万千宠爱、一路开挂的剧，恰恰相反，它讲了一个女主一路过关斩将、升级打怪的故事。而最终，经历了这一切遍体鳞伤的40岁黄亦玫，对着世界展开怀抱，从容地说出：
从此，世界在我面前，指向我想去的任何地方。我不再希求幸福，我自己便是幸福。

多么美好啊。难怪许多追完全剧的人会有这样的感受：看完这部剧，突然觉得可以跟整个世界和解了，没有什么放不下的。

因此，在故事的末尾，我们看到了一个“完全体”的黄亦玫。她从容，淡定，温柔，强大，无论面对什么样的焦虑和恐惧，她都能轻轻放下。她再不需要依赖谁，她自己就能主导命运。

但这一切不是她与生俱来的 —— 她与生俱来的，只有一个强韧而充满治愈力的灵魂。她摔倒、被伤害、被欺骗、被困住……但每一次，她都自己治愈自己，修补伤害，然后，继续大踏步往前走。

命运会给你阻碍，但没有谁能拯救你，你必须自己成为自己的拯救者和引路人。

这就是这部剧的精神内核：爱自己。很多人把这部剧归结为爱情，归结为“一个女人与四个男人的故事”，不是的。爱情只是表象，它的真正内核是：我们如何在与不同的人的碰撞和交融中，找到最真实的自己，拥抱它。

我尤其喜欢最后的8集。经历了诸多一地鸡毛和狗血的矛盾冲突之后，剧情终于像曙光刺破云层一样展开，如同华彩乐章一样节节升高，怒涛般肆意展现和倾泻而出。所有演员都贡献了演技高光，情感被不断推高、抬升、又稳当当接住，终于在最后化为对世界和命运的从容不迫，给整部剧画下一个余味无穷又心满意足的休止符。

很久没看到这么酣畅淋漓、又令人回味万千的剧了。


二、

黄亦玫，是近几年内娱作品中，非常少见又独特的形象。许多人在评论这部剧和这个角色时，喜欢用“爱情”套上去，说她恋爱脑，或者不专心搞事业，徒有大女主的称号而名不副实……

但这些评论，其实都只看到了表面，并没有深入抵达人物内核。

这是内娱非常少见的、无法用“爱情”和“事业”去给她贴标签的人物。她的内核是什么？是一种温柔的、包容一切的力量。就像大海一样，消弭万物，包容万物。

这是一种非对抗性的力量。她从来不对外攻击，而是向内收，把一切藏起来、收起来。她的姿态，既是自由的、热烈的、充满生命力的，又是稳定的、冷静的、从容不迫的。

她从来不会去攻击别人，不会去说别人的坏话。面对最终分手的初恋，她独自消化，从不表露他的半点不好；面对婚后的一地鸡毛，她默默承受，永远给对方留足十足的体面。乃至于在多年后面对前夫酸溜溜的询问，她仍是微微一笑：“他很执着也很认真，嗯，这点像你。”

她过得了鲜衣怒马的生活，也愿意放下身段，在小阁楼上一住就是好几年，吃没有一片肉的饭菜，在男友最落魄的时候支持他“我们结婚吧”；面对窘迫的生活，她把物欲降到零，只是买买书，买买花，努力给灰色的生活装点上色彩；哪怕是忙得脚不沾地、昔日的公主变成灰姑娘时，她仍然能见缝插针拿下三个证书，为以后的求职做好准备。

但这一切是天生的吗？不是的，是成长。她也会被感情冲昏头脑，也会有歇斯底里的时候 —— 比如许多短视频添油加醋剪出来的“砸房子”戏码。人当然会犯错，但最可怕的是无法从犯错中成长。

而黄亦玫恰恰是一个最典型的成长型人格。她从第一段感情学到了理性，从第二段感情学到了自强，从第三段感情学到了对生死的态度，从 Tina 身上学到事业和野心，从苏苏身上学到清醒和审视……这些最终促成了她的蜕变，成为别人的精神导师和引路人，像太阳一样感染和影响着身边的人。

她是一个从不内耗的人，遇到任何问题，下意识的反应永远都是切换到解决问题的姿态，永远处于行动之中。没有光，她就努力给自己打开一扇窗，让光进来；没有色彩，她就努力给生活松松土，种下花。不抱怨也不冲动，只是坚韧地自我滋养，把一切事情努力处理得井井有条。

尤为打动我的，是她跟女儿的相处模式。她们是松弛的、平等的，像朋友一样相处。她写给太初的三封信，分别是出生、离别和死亡。她让太初早早懂得生离死别，也懂得不要惧怕这一切，要有面对的勇气，享受奋斗和经历的过程，感人至深又情真意切。很少能看到如此成熟、健康又良性的亲子关系。

如果用爱情去理解和圈定这部剧，那其实是对黄亦玫的一种矮化了。如同《远方的花》的歌词：“爱上谁都是最好的，而非必选的”。爱情只是她独自走向成长之路上的养分。让大海的归大海，溪流的归溪流。

内娱很少有一部作品，能够去刻画这么一个形象：不是停留在传统的“飒”和“搞事业”的刻板印象上，而是真正去赋予这个人物生命力，从生活的一个个片段中，从她对每一段关系的处理中，去讲述她的成长，展现她的从容、淡定、温柔，静水流深。

所以，这部剧看起来是“一个女人与四个男人的故事”，但实际上，这些男人不过是她生命中的过客而已。黄亦玫永远是故事的核心，永远是成长的主角，一切经历对于她都是滋养，都是让灵魂变得更磅礴的方式。

这才是“玫瑰的故事”，这才是真正的大女主。


三、

这部剧给我最大的惊喜，其实是刘亦菲的演技。我第一次发现，刘亦菲原来是一位演技如此出色的演员。

说来惭愧，我并不是刘亦菲的粉丝，对她一直以来的印象也只是“美貌”，但在这部剧里才发现，她其实是一位被美貌掩盖了演技的好演员。跟梦华录相比，可能是因为角色更饱满立体了，也可能是因为剧情更跌宕复杂了，她呈现出了堪称电影级别的，非常出色而细腻的演技，令人惊叹。

许多人喜欢拿刘亦菲在剧里的哭戏来宣传，但其实，刘亦菲的哭戏固然不错，但真正将她的演技展现出来的，是她用细腻的眼神和表情展现内心丰富情感层次的戏。一个眼神，一个闪躲，一个微笑，一个对视，就可以从中读出三四种情绪变化和内心独白，非常有味道。

这可能得益于她拍过电影的经验。她的眼神和表情呈现非常到位，自然，克制，又足够精确，不需要给太多，就能从中读出无限的余味。这是一种非常高级的审美，需要你能够静下心来去静静欣赏。

另一种可能是，我猜测，刘亦菲也许是一个内心世界非常丰富而充实的人。她习惯了精神上的思考和交流，因此更擅长这种内敛的、细微的、不外放的戏。看她安静的戏份，你真的会有一种充实感和满足感。

另一位演技同样细腻的演员是林更新，他在这部剧里也贡献出了演技高光。不同的是，林更新更多的是用细微的表现来区分角色不同的状态 —— 一个眼神出来，你立刻能分辨出这是哪个阶段、哪种心理状态下的方协文，绝不会错。

而刘亦菲则是用来传达信息。她的许多台词其实是克制的，点到为止的，靠眼神和表情来传达更多的信息。这是非常需要演员功底和悟性的。幸运的是，她完成得非常好，甚至是超出我预期的好。

所以，我爱极了刘亦菲和林更新的对手戏。看他俩的对手戏，真是心旷神怡。我甚至会先看一遍剧情，再反复拉一两遍片子，欣赏他们的细腻演技。

这样的戏有非常多，我随便列举一些我能想到的：第18集阁楼里的戏，第21集宾馆里的戏，第33集餐厅里的戏，第35集家楼下的戏，第38集家里的戏，等等。

当然，除了跟林更新以外，刘亦菲也贡献出了不少极其精彩的戏份，比如所有人都非常喜欢的35集 —— 这已经是电影的级别了，无需多言。

另一场非常精彩的是23集她一个人在街边的一整段戏。这段戏完全是刘亦菲炫技式的个人呈现，非常松弛、自然，将那种长久被压抑后的释放又克制展现得非常到位，情绪的起伏和波动收放自如。

豆瓣上有人说：这是一部刘亦菲“演技与美貌的纪录片”，我觉得十分贴切。美貌可能见仁见智，但演技是有目共睹的。这部剧出来，没有人会再否认刘亦菲的演技，她不再只是一个代表“美丽”的符号，而是一个真真正正出色的好演员。

不过，说实话，这部剧的剧本其实有一点点匹配不太上演员的演技。虽然整体的架构和立意都很好，但细节上尚有欠缺。不少桥段都有点狗血和生硬，尤其是苏苏和黄振华那条线，槽点很多。

诚实地说：这部剧的质量，主要靠刘亦菲、林更新、万茜和佟大为出色的演技，其它地方是有一些瑕疵的。尤其是剧本，优点明显，缺点也比较明显。

整体来说，我会给剧本打6.5分，画面打7.5分，演技打9分，综合评分大约是7.67分。加上立意（塑造了难得的“黄亦玫”这个人物）加成，最终的分数在7.8-8.0分比较合适。


四、

最后，提供一些观剧建议。

这部剧的节奏大致是这样的：
前5集，初涉社会的大胆妄为、自由热烈、充满激情；
第6-12集，步入第一段感情的眩晕、转身、自我疗愈和成长；
第13-21集，步入第二段感情的平和、恬淡和岁月静好；
第22-28集，被伤害、控制、困住，依靠自己走出来，打开生命的新历程；
第29-35集，重拾活力，邂逅灵魂伴侣，探索一切想做的事情；
最后3集：与世界和解，前路无垠，世界在面前展开，去往想去的任何地方。

我个人特别喜欢17-26集和最后8集，无论是演技还是叙事都非常精彩。当然其他的集数也不错，只是相对来说瑕疵会明显一点。

尤其，前期你可能会觉得太平、太拖沓，觉得她“恋爱脑”，觉得不真实……但我请求你：如果有时间，请给这部剧一个机会，看下去。

你一定会被黄亦玫的魅力吸引，一定会被这种“与世界和解”的豁达和从容打动。

祝你有一场愉快的观剧体验。"
https://img9.doubanio.com/view/photo/s_ratio_poster/public/p1613191025.jpg,幽灵公主,"【A】9.2/10 正面：1.传统与现代、物种与自然、善意与仇恨的对立，是略取还是协调、是发展还是毁灭,都在人类自己的掌控之中。当眼前的一切已无法满足人类的欲望，人类中的大多数必将朝着毁灭的方向发展。大自然是慈悲的,但并不懦弱；个体面对现实的反抗并非无意义,微小的善意可...","【A】9.2/10
正面：1.传统与现代、物种与自然、善意与仇恨的对立，是略取还是协调、是发展还是毁灭,都在人类自己的掌控之中。当眼前的一切已无法满足人类的欲望，人类中的大多数必将朝着毁灭的方向发展。大自然是慈悲的,但并不懦弱；个体面对现实的反抗并非无意义,微小的善意可能带来的是无尽的希望，在极端冲突下,抽离冲突两方的第三势力是重要的调节力量。宫崎骏少
有的将大道理阐述至尽，不去逃避，直面现实,用最尖锐的一面指出自己对于人类发展之理解,深度与广度成功地融合入戏剧性之中却也不乏娱乐性,这是宫崎骏生涯乃至整个日本宏大叙事作品中罕见且可贵的大成功。
2.在日本社会男权浓厚的环境下成功做到避开男性视角为女性发声,以第三者的态度刻画众多拥有崇高人格的女性形象,让身为男性的我对现在于我而言“女性”这一模糊又真实的词汇逐渐具体起来（啊，珊简直是我的理想型）,感谢宫崎骏！
2.美术设计精致而不失真实,艺术手段夸张又不失美感,与新世纪略显浮夸的他形成鲜明对比。
3.久石让的配乐乃是升华全片的精华,自认为完全可以选入日本动画史配乐十佳。 遗憾点：1.宫崎骏仍没有避免自己一惯的问题，探讨深刻问题仍喜欢简化、和解,细节方面难免有些别扭。一个幼稚的想法，自认为如果结局是男女主用死拯救整个丛林感官会好不少。
2.设定过于偏离现实有些缺乏人文性,但好歹能放能收，问题不大。 （PS:此下场面我愿称之为日本动画史上最令人动容场景之一！）"
https://img2.doubanio.com/view/photo/s_ratio_poster/public/p2909198461.jpg,玫瑰的故事,6.8-6.25，半个月的时间算是把《玫瑰的故事》追完了。 从八岁开始，从仙剑奇侠传开始喜欢刘亦菲，还记得第一次在电视机里看到她演的赵灵儿，从半空中缓缓飞下来，那一刻，感觉自己仿佛看到了仙女。后来，在电视里几乎见不到她了，那个时候不会追星，也没有太多通讯工具，隐约听...,6.8-6.25，半个月的时间算是把《玫瑰的故事》追完了。 从八岁开始，从仙剑奇侠传开始喜欢刘亦菲，还记得第一次在电视机里看到她演的赵灵儿，从半空中缓缓飞下来，那一刻，感觉自己仿佛看到了仙女。后来，在电视里几乎见不到她了，那个时候不会追星，也没有太多通讯工具，隐约听到一些乱七八糟的新闻，当时没有想过相信不相信，就觉得，哦，那是不是以后都见不到她了。过了很多年，刘亦菲拍了一些电影，有的我去电影院看了，有的没有，但是隐隐约约就觉得，她那样的人，不该是这样。 后来，她拍了三生三世电影，当时好不容易，新闻里都在看对于这个电影的期待，我以为这次她要受到大众的认可了，可是大众对电影的评价是负面的，大婚的难看服化道在网上疯传，过几天，我自己买了电影票进了电影院，当时我在外地，又在电影院里，看到她，像那个我小时候见过的她，又不太像，不过不论如何，自己看完了之后，觉得电影并没有别人说的那么差，从电影院出来，我哭了二十多分钟，我也不知道是在为刘亦菲哭，还是在为当时背井离乡的自己哭。 然后，花木兰，梦华录，有风，玫瑰，刘亦菲越演越好，越演越受到大众的认可，每一次，我都特别关注这些剧的数据，数据好就开心，数据不好就不开心，特别在乎别人对她和作品的评价，就是觉得，我这么喜欢的人，也应该得到大家的喜欢，真的觉得她值得最好的。 玫瑰的故事大结局看完以后，我又转回到第一集看了几分钟开始的黄亦玫，恍如隔世，就好像跟着黄亦玫一起走完了她人生的二十年。黄亦玫，才华横溢、书香门第、颜值满分，好像老天爷把所有能给她的都给她了，好像她天生就该像大家期待的那样，拥有完美且梦幻的一生，这才符合大众的一贯幻想。好的家庭、好的成绩、好的长相、好的性格，就应该命途平坦、一生无虞，就像剧播之前我的刻板印象，美丽的女主和他的四段浪漫爱情，很明显，电视剧打破了一贯的印象，给黄亦玫安排了一段段现实而破碎的经历。 庄国栋，高大帅气、职场精英，从见面的双向暗恋到后面的恋爱，黄亦玫爱的勇敢而热烈，像永远充满能量的太阳花。少女对爱情的期待和热情都展现的淋漓尽致，这是一种单纯的吸引，毫无理由的爱上，爱上了就all in。黄亦玫会在没确定关系的时候就毫无保留，会因为庄国栋的一句话即使辞职也要去法国找他。同样的，庄国栋因为原生家庭的关系，在开始的时候和身边的暧昧对象若即若离，在事业和爱情里选择了事业，但是也因为爱上黄亦玫，和身边所有的人宣布她的存在，在到了法国第一时间就找电话亭打给他，在工作很忙的时候也会接黄亦玫打来的电话。这段爱情的结束并不是两个人不爱了，而是不合适。在人生的选择上，庄国栋要定居法国，玫瑰要留在国内，庄国栋更看重事业，玫瑰更看重爱情，但是玫瑰选择和庄国栋分手的根本原因，我个人认为是庄国栋从来没有给过玫瑰真正的尊重。就像电视剧里表演出来的，冷暴力、玩失踪，这些是庄国栋人格弱点下的显化，但是在他的心里，是没有把玫瑰放在平等的位置下去对待的，当接到被法国录取的通知，他的第一反应是逃避，害怕玫瑰知道这个消息和他闹，准备申请法国永居的时候，也是不小心说漏嘴，然后找各种理由找补，在面临人生选择的矛盾的时候，他想的不是解决问题，不是两个人在一起共同商量接下来的路该怎么走，而是更看重自己的位置，逃避、忽视、不作沟通，然后在玫瑰爆炸的时候理直气壮以事业和爱情二选一的大课题把自己放在道德的制高点，其实选择什么都没错，错的是他对待玫瑰的态度和方式，就像二十岁的时候他替玫瑰选择了三明治，四十岁的时候他依然替玫瑰选择了炖青口，他明明拥有和玫瑰一样的艺术鉴赏力，却从来没有停下来去欣赏过玫瑰的才华。出走半生，他还是没有真正地去平视玫瑰，也从来没有真正了解过她，后来，他的爱，更多的是遗憾和执着。 方协文，这段在全剧文艺的底色下拍的最现实的剧情，看起来和整部剧的风格有点割裂，但其实这是玫瑰人生的重要一部分。方协文，小镇做题家，学霸学长，有追求、有胆量、有谋略、有担当，他一直都很清楚自己想要的是什么。说实话，这段是我最不喜欢的一段，因为这段感情基本是以方协文的自我隐藏开始的。从研究生开学，方协文在人群中一眼看到了美丽的黄亦玫，然后去啤酒馆打工、花钱去艺术馆记笔记、假装在外租房、可以说是半欺骗似的把黄亦玫忽悠和自己一起租房创造相处机会、向黄亦玫妈妈展示自己贫穷的家境、说自己没资格谈恋爱，等等等等，并不是说追女孩不能有一些小心机，而是方协文其实并不是一个愿意把自己的态度放低去讨好他人的人，这样隐藏真实所创造的地位的不平等，必定会在日后的相处中，一五一十地反噬。而玫瑰却在日常一点一滴的相处中，看到了方协文身上的闪光点，爱上了就愿意支持他，把自己所有的存款和借哥哥的钱拿出来支持他创业，结婚的时候，玫瑰说我爱你有才华、有担当、上进，玫瑰爱的是方协文本身，而不是他自己认为的顺着和低姿态，对比方协文：我爱你-停顿，得呗得呗得，你是我的女神，我脑补下方协文可能真正想说的是，我爱你的美，方协文对玫瑰的爱是仰视的，仰视的爱意加上他自己的成长经历加在一起形成了不配得感，产生自卑，这样的自卑在庄国栋出现之后彻底显现。彼时，庄国栋（人设）高大帅气、海外留学、北京户口、外企中层，对于从小镇考到大城市又刚刚失业后创业的方协文来说确实是一整个的降维打击，给了方协文自卑心态以巨大的冲击。不过这里玫瑰确实没有处理好，和前任见面、回家呕吐，问了不说，加上方协文理工男缜密的逻辑闭环（查监控，然后又因为自卑不明着问），一整个大完蛋。于是就有了后面的种种，方协文自卑的对象具象化，不信玫瑰是真正的爱自己，开始了两件事情，第一，努力搞钱搞事业证明自己强于别人；第二，控制玫瑰使她暗淡从而只能待在自己身边，至于让亲妈监视玫瑰、不让玫瑰回北京、看到玫瑰升职背后把人工作给辞了，希望在婚姻中让自己的地位和原本追求时自己的心理位置调换，希望在经济的转好下，玫瑰可以像他曾经仰视的那样同样的去崇拜自己、仰视自己。不过，玫瑰不是菟丝花，她迷茫过，为了孩子妥协过、我脑补可能为了婚姻的关系纠结过，但她从来没有放弃过成长，放弃过自己，在方协文一次又一次的伤害和争吵中，在高高在上的经济控制和人身约束里，在提离婚时，她很冷静地说出了那句我不爱你了，在耗干了爱意以后，理智转身，选择做回黄亦玫。多年后，方协文事业有成，控制欲还在，自卑基本拜拜了，他还是爱玫瑰，这种爱是一种对美好的追求，可惜他和玫瑰原本就是两个世界的人，他也从来不懂玫瑰。 傅家明，灵魂伴侣，我自以为没有那么高的艺术鉴赏力和思想觉悟，只能从我所理解的内容试图去认识这段感情。它让我想到了一句话，我爱你，是爱你本来的样子，爱你灵魂的出口。傅家明，一个在一岁就做过心脏病手术、十年前又做了一次手术的心脏病人，爱机车、爱摇滚、爱音乐、爱自由，他对于人生的坦荡和生命的感悟比起在尘世中浮沉的普通人来说要更透彻，更极致。在外表之前，他先看到的是黄亦玫的内心，看到她丰富的内核，也看到她的低沉的悲伤，用礼物和仪式感来送别死亡、体验身边的美好、用艺术和创作来表达自我，他和黄亦玫我觉得应该是属于灵魂共振的一类人，可惜美好太短暂，我还没来得及细细品味这老哥就要嗝屁了，黄亦玫一如既往，爱一个人就义无反顾，知道对方重病，不是用感性和冲动判断是否陪伴，而是在深思熟虑以后毅然决定不离不弃，这是很难得的。为了不让傅家明留下遗憾，认真做计划带他去爬山，爬山这里是我非常非常震撼的一集，即使做了完善的计划，还是在即将登顶的时候遇到大雨，玫瑰说我不想让你留下遗憾，而傅家明说人的遗憾很多，人死了以后所有的遗憾都清零了，希望玫瑰忘了他，包括他决定捐赠遗体，从很多方面来说吧傅家明对人生的看法真的是很透彻，是我非常喜欢的人物，但是吧我确实这个水平有限有点感悟又表达不出来，之后二人分开，又不约而同地选择了走向山顶，最终顶峰相见，夕阳下两人依偎在一起，灵魂伴侣这个词在这样的情景和画面里得到了具象的表达。 最后一个就是小奶狗何西，这个时候玫瑰已经事业有成，家庭和谐，人格完善，试问这样的成熟勇敢大美女谁能不爱，走到哪都散发着迷人的气场好吗，何夕的朝气与对梦想的执着也吸引着玫瑰，此时玫瑰已有足够的人生阅历，他鼓励何西踏上了重新学习飞行的道路，她说给何西的话也同样鼓舞着我，在这里摘录一下“世人都在歌颂成功，没人注意失败，因为失败比成功多的多，是件稀松平常的事，既然所有人都会经历失败，失败又有什么可怕的呢？你只需要承认它接受它，然后丢掉它，去它的，别在意一时一刻的成功失败，那只是瞬间，不能定义一生，如果你感觉深处低谷，正在经历至暗时刻，那证明你以后的人生都会比此时更美好更明亮。”在临别时，何西说等一年后，而黄亦玫却说，不要给未来设限，未来是自由的，未来拥有有无限可能，此时的黄亦玫在经历了二十年的人生长度以后，从一朵美丽的黄玫瑰长成了一颗大树，迎风伫立，向阳而生。 关于玫瑰的故事，有人看故事，有人照镜子，在初恋出现的时候我跟着甜甜蜜蜜，没甜两集就被气死，前夫哥出现的时候感觉这个也不错，没两集又开始微信群疯狂辱骂，到了灵魂伴侣真的骂累了，就自己慢慢看了，整个追完就感觉真的好累。联系生活，联系自我，有很多想法，有很多想表达的内容，但是真的去写，又不知道哪些是真的必须去写的。在网络上，尤其是第一任和第二任，很多人在对比谁更好，然后又有另一部分人觉得这些人真是没救了，其实我觉得，我们不是黄亦玫，既没有她的外表、也没有她的灵魂，而生活并不是完美的，即使在玫瑰的人生道路上可以称之为坎坷的情关，对于有些人来说也比当下的情感和生活要好得多。而剧中的这些男主角们，闪光点也是比较明显。在每段感情的相处中，其实也不是说谁就一定是完完全全没有一点问题，一点错都没有，就像玫瑰把庄国栋的家给砸了，像玫瑰的哥哥在新婚当天促成前任去找现任。一直到后来的释怀，可以和和气气的坐下来吃吃饭，聊聊天，每一个角色都是不完美的，也都是在成长的。 我想，我从这部剧里理解到的是，首先是爱自己，认识自己、了解自己、尊重自己的主体性，女性作为女儿、作为妻子、作为母亲，有很多的角色，从小父母就告诉我们女孩子应该这样，应该那样，可是这样的观念很显然已经不再适应当下的社会劳动分工和生产关系，可以说是对女性的一种压迫，我们每一个人都应该首先了解自己，像黄亦玫一样记住自己的名字，明白自己想要什么，不想要什么，坚持自己的想法，勇敢去追求，按照自己的意愿去过一生；其次是要勇敢去爱别人，爱与自由是人类刻在基因里的需求，黄亦玫爱过，被伤害过，这可能是我们很多人都经历过的，于是害怕受伤，保护自己，我以前听到一句话叫成年人只筛选不培养，现在想想这其实几乎是完全把自己放在受害者的角度去面对感情，在隔绝了伤害的同时，也剥夺了自己爱人的能力，在过去的几年里，我深陷在思维的牛角尖里，对待任何事情都想去整个对错，有时候觉得自己是受害者，把错误全部都归咎到别人身上，有时候又觉得自己是施害者，觉得无法原谅自己对别人和自己做的错误的行为，就好像要榨干所有的人生经验得到一个完全正确的真理去指导后面的人生。实际上，在生活中尤其是亲密关系中，爱与被爱，伤害与被伤害，是说不清楚的，在直觉与感性发挥作用的瞬间，理性大部分情况下是靠边站，难以被觉察、难以改正、且容易反复，可能这就是所谓的人格和命运最直观的体现吧，就像黄亦玫在庄国栋几年后来找她的时候，仍然控制不住的流泪，在方协文把孩子抢走的时候，一下子就仿佛被拉回自己被控制的那几年，爱与伤害都是存在的，时间更多的是人为创造的概念，关键的是如何去看待它，在经历以后让所有的一切成为自己成长的养分，能够接纳自己、同时也尊重别人，能够依然用一百分的真诚和热情去面对以后遇到的人和接下来的人生，人生是条单线程，每一秒都在创造。生命诚可贵，爱情价更高，若为自由故，二者皆可抛。希望接下来的人生，我能够继续认识自己，认识世界，不断学习，希望有一天也可以真正地明白，什么叫做，我完全而绝对的主持着我。
https://img9.doubanio.com/view/photo/s_ratio_poster/public/p2909909594.jpg,度华年,《度华年》改编自墨书白的小说《长公主》，讲述了大夏朝监国长公主李蓉与当朝首辅裴文宣前世因误会相爱相杀，而后二人同时“重启人生”，想要改变上一世的结局。在此过程中，李蓉和裴文宣相互吸引，最终破镜重圆的故事。 以上来自百度。 最近没怎么看剧，沉迷游戏无法自拔。当...,《度华年》改编自墨书白的小说《长公主》，讲述了大夏朝监国长公主李蓉与当朝首辅裴文宣前世因误会相爱相杀，而后二人同时“重启人生”，想要改变上一世的结局。在此过程中，李蓉和裴文宣相互吸引，最终破镜重圆的故事。 以上来自百度。 最近没怎么看剧，沉迷游戏无法自拔。当然，主要是也没什么好剧。 《度华年》抬上来了，我就趁热乎看完了六集。剧其实能看，至少我还是看完了六集的，也有继续追下去的冲动。俊男美女，年轻漂亮，总是好看的。比隔壁《颜心记》好看。 剧情的节奏除了第二集略慢了点，其他时候还好。 粉丝看到这里就可以了。 剩下的内容我有几点意见及建议要讲。我讲话难听…… 意见： 剧情特别小学鸡。权谋跟《周生如故》是一个水准的。不想都觉得“真TMD离谱”。提的都是门阀世家，对标的差不多都是西晋时期的五胡十六国。疯，但是又疯不到那个磕“五石散”时代的人的精神状态。 爱情……两个上辈子相爱又误会最终衔恨而亡的将近四十岁中年人，有朝一日，从头再来，不稳重，不体贴，不像是做了二十年夫妻，反而像清新鲜嫩的红男绿女，打打闹闹，斗气冤家。 轻松幼稚得一点前世受尽命运的鞭笞、吃尽爱情的苦头的厚重感都没有。 对于这一点，剧情的弱智设定，一个在权力中心浸淫38年的长公主，重生回来，男的像个毛头小子，女的像个小女孩。固然是两个演员都没有演出那种“年轻脸沧桑心”的感觉。但剧情弱智的短板也过分明显了。 拉回来继续说剧情： 前世男女主到底是有什么纠葛，他们俩怎么就从夫妻变成了不死不休的怨偶，除了男主讽刺男二是个受过宫刑的人还到女主面前献殷勤，女主恼怒男主始终称皇帝某位妃子的闺名而不肯叫她“X贵妃”。 看起来两人是有感情的，只是在各吃飞醋。紧接着女主以为是男主给她下毒，死前就托自己养的面首男二杀了男主。他们就都死了。 然后就重生了。 重生后，男主岂止不介意女主下令杀了他，那是一点怨气都没有啊。女主倒是有些在意男主给她下毒，但是一想，自己派人也杀了男主，男主还死在自己前头，也没有什么怨怼之心了。 甚至在第三集，男女主就开诚布公地跟对方表明了自己重生的事实。男主在明知自己吃某种水果过敏的前提下，为了让女主消气，当着女主的面吃下了女主故意给他准备的那种水果。 女主要是心狠一点，让他把一整盘都炫了，那我还夸一句女主真是恨啊！结果，吃了两块，女主就舍不得了。 男主走后，女主让侍女给男主准备衣服御寒，因为男主被扔进池塘，天又下了雨；让侍女给他准备止痒药、姜汤、红枣，emmm……姜汤冲服、红枣驱苦；让侍女给他准备了一匣子碎银子，因为此时此刻的男主生活困窘，穷得伶仃。 前世血未凉，今生雨阑珊。殷切语婢仆，恐君身上寒。 千言万语，只能无语。 既然那么喜欢他，上辈子误以为他有心上人，为什么不是抢人，而是找个他以为的你的小情人进公主府啊！！！！ 男主呢？ 女主下令杀了他，他不在意也就算了。女主的相亲宴他巴巴跑着来除了他是候选人之一，更重要的是他知道此时女主进退维谷，驸马是必须选的，要怎么选才能活下去，很重要。女主如果不选门第高但是家族中没人管的自己，也就没有什么好人可以选了。 哪怕被女主叫人扔进池塘，哪怕被女主逼着吃了会让自己过敏的食物，他还是很操心女主胆大妄为，行差踏错，万劫不复。 看到有人要去绑架女主，准备演一场英雄救美，他怕女主被蒙蔽，怕她被世家利益集团绑定，从此回天乏力，他巴巴的就去救了。 这两个人，挟恨埋怨的时候尚且如此情意绵绵，等到恩怨全消，岂不是走路都得抱一起走？ 果然，第三集他们俩彻底解释清楚后，在河边并头抵足和衣而眠，真的是半点不像怨怼十余年的怨偶，反而像情投意合蜜里调油的小夫妻。 之后的三集就是中年怨偶回魂十八岁一边甜甜蜜蜜打情骂俏，一边携手智斗大反派。譬如，女主在御殿之前给没睡觉的男主靠着睡啊。譬如，男主觉得女主去偷账本，男主吃给女主送波斯女郎衣服的男二的醋啊…… 总之男女主的状态让我不禁发出疑问：你俩上辈子是怎么蹉跎的？就单纯因为互相吃醋，然后互相不长嘴？？最后就被人双杀至团灭了？ 就你们这样，哪里来的脸重生，重开游戏的？？ 目测本剧男女主重生主要是因为女主上辈子为家为国，最后却众叛亲离，不得善终；男主也是无愧家国天下，唯独负了女主，最后还横死街头。两个好人，抱憾而终，所以给他们一个改命的机会。男女主应该只有甜甜甜了。甜度不够的时候，男二来添油加醋，给人家夫妻增添点的情趣……感情要牢固，没事吃吃醋。 男二应该也是重生的。男二本来也不是什么坏人，是满门男丁斩首，女眷流放，他在女主的力保之下也是受了宫刑才活下来，心灵扭曲了。如今从来一世，什么灾祸都没有发生，他可以徐徐图之。他对女主有愧，所以喜欢她，又知道她喜欢男主。就算他不帮男主，也不会害女主。在男主跟女主是利益共同体的前提下，他出的幺蛾子应该不多。毕竟，上辈子，这两个人他都对不起。 这样的三个人，打麻将三缺一，斗地主刚刚好。虽然说三角形具有稳定性吧，但男二明显是要被斗的地主了。 人家两口子上辈子没他，误会肯定不会这么深。 演男二这小哥我看他挺眼熟的，我应该看过他演的别的剧。 建议： 张凌赫换个赛道吧。真的不要再演什么篡位的权臣、佞臣，也不要演什么手握生杀大权的狠人了。 他高大，静态也英俊。看静态是好看的，就是不能动。一讲话就让人没法忽视他的嘴。嘴都是其次，最重要的是让人没法忽视他那股与生俱来的憨傻气。 不论是多么阴鸷的人设，多么凌厉的动作，只要是他来呈现，就让我莫名其妙的没有任何劫后余生的紧张刺激，也没有任何倾倒在牛仔裤下的冲动。 我总觉得不论是多么聪明多么心狠的人设，只要由他来演绎所有智计谋算都变成了傻人有傻福。或许，他可以试试那种戏份不多的傻白甜白月光。不需要人设多么丰满立体，只要他穿着纯白的衣服站在柔光里浅笑就可以了。又简单，又漂亮，还不傻。皆大欢喜。 非黑，掏心窝子的实话。 赵今麦还是少女或者说是小女孩的情态，让她演重生还魂的少女脸中女心，感觉还是太吃力了。而且，她不适合演感情戏。她有很独立的清冷感，防备感也很强。 《在暴雪时分》就有这个感觉了，《度华年》里也有。只是张凌赫没啥侵略性，所以看起来目前还没有出现特别不适的感觉。一旦有亲亲这种剧情出现，张凌赫演得不美，赵今麦表现得抗拒，那就完犊子了。 赵今麦还是尽量别演偶像言情题材吧，现实主义题材、大女主都适合她。 ps，道具能不能用点心？那烤鱼是生吃吗？ 【原创声明：本文为公众号“今天娱乐调查局” 独家原创，欢迎转发，但严禁任何形式无授权转载到其他平台，发现必追责到底！】 文：踏歌 编：喵局长 图：net＆截图
https://img1.doubanio.com/view/photo/s_ratio_poster/public/p2907600518.jpg,头脑特工队2,《头脑特工队2》6月21日亮相暑期档。作为2015年经典动画电影《头脑特工队》的续集，这部电影还没上映时就备受期待。 相比前作由66万人在豆瓣打出8.8分、拿下奥斯卡最佳动画长片，《头脑特工队2》似乎没能延续神话。目前该片豆瓣评分8.4分，91%的烂番茄新鲜度虽然不低，但对比前...,"《头脑特工队2》6月21日亮相暑期档。作为2015年经典动画电影《头脑特工队》的续集，这部电影还没上映时就备受期待。 相比前作由66万人在豆瓣打出8.8分、拿下奥斯卡最佳动画长片，《头脑特工队2》似乎没能延续神话。目前该片豆瓣评分8.4分，91%的烂番茄新鲜度虽然不低，但对比前作98%的成绩已有明显滑落。甚至有评论感慨：“等了这部神作续集快十年，有点失望。” 皮克斯打造的这场大脑情绪景观系统，就像是影片想讲述的记忆本身，凭借影像的魔力制造出属于全球观众的集体记忆。九年过去，我们依然能清晰地记得主人公莱莉头脑中的许多画面。尤其是童年伙伴“冰棒”自愿落进记忆填埋区的瞬间，几乎堪称动画影史上最浪漫、也最令人哀伤的场面之一。 续集延续了成长主题，莱莉进入青春期。开头的那场“红色警报”，就像它所代表的青春期主题那样成为了影片本身的警笛。它以极富冲击力的色彩吸引着观众的注意力，用新鲜又复杂的新情绪登场调高了期待的水阀。但最终的呈现，却又像那场带着乐乐与大家飞行的“头脑风暴”迅速过境。我们好像了解了更多有关“情绪”的设定，却又没法共情更具体的莱莉。 皮克斯在莱莉的青春期里设置了情绪的各种可能，但当这些情绪被动画魔力变得可见之后，曾经的复杂体验、成长告别、青春哀伤，反而不复存在了。为什么复杂的设定反而通向了贫乏的故事和难以共情的人物？ 作者｜闵思嘉 并未发展的青春期叙事 如何理解人类的心智？在过去，医学仪器与手术刀可以遍历骨骼与血脉，却无法呈现大脑中的哪怕一秒钟限度内的情绪体验。当人类从生物与医学角度理解了具象的人体，就更渴望参透知觉、情绪、记忆、思维、意识这些无形的领域。认知神经科学从神经环路慢慢开拓出分岔的小径，带我们理解大脑的心理功能。而影像能实现这种理解图景，让这些或隐秘或集体的感受，幻化为共通的视觉体验。 于是在第一部中，故事从小孩莱莉的视角进入，观众很容易共情她的感受。我们跟随莱莉经历了第一次搬家、转校等生活变化带来的心理现实。我们理解莱莉的情绪过程，就如同成长中的莱莉在搭建自己的“性格小岛”，都在逐步构建自我。 《头脑特工队》（2015）剧照。 因为父亲工作变动，莱莉不得不从明尼苏达搬到旧金山，适应新环境。经过一番思想斗争，她开启了离家出走，试图回到老房子的冒险。这场最终未能成功的叛逆之旅，有着“离家-归家-建立新家”的叙事模型，也呼应着莱莉孩童时期“告别旧我，接纳完整的、新的自我”的成长历程。 外形像星星的黄色情绪小人乐乐（Joy）是莱莉童年大脑中的主要情绪，她曾认为掌管忧伤、外形像泪滴的忧忧（Sadness）会给莱莉的成长带来不好的影响。但此后乐乐、忧忧与核心记忆球一起意外离开大脑总部，基于核心记忆的个性小岛坍塌，莱莉情绪失控，最终离家出走。
乐乐在和忧忧一起试图将核心记忆球带回总部的路途上，最终意识到每个人 不仅需要“快乐”，也不能没有“忧伤”。理解悲伤的价值，是莱莉成长的里程碑。 《头脑特工队》（2015）剧照。 成长需要接纳带有任何一种情绪特质的自我，因此成为影片的叙事母题。当一开始被禁止触摸记忆球的忧忧，最终与乐乐合作生成了那个蓝黄交融的核心记忆球时，我们也感受到了那些用单一颜色和名词无法定义的复合感受，以及复杂的记忆对于构筑“自我”的意义。那些笑中带泪、苦涩与幸福并存的经历只有更成熟的莱莉才能体会。 莱莉长大了，但《头脑特工队2》并没有在接纳自我的母题上走得更远。进入青春期的莱莉大脑总部警铃大作，装修队入场对控制台进行改造，新情绪焦焦（焦虑，Anxiety）、慕慕（羡慕，Envy）、尬尬（尴尬，Embarrassment）、丧丧（无聊，Ennui）也就此登场。 新情绪依旧被漫画式地夸张呈现，虽然对“青春期”的描绘有些标签化，也算承接前作设定。但当影片选择把新情绪焦虑妖魔化，同时弱化了羡慕、尴尬、无聊这三种情绪，就完全悬置了本应更多元和复杂呈现的可能。 不合逻辑的强势反派“焦焦”让意识流之河、头脑风暴、自我意识树这些新设定沦为一闪而过的碎片。更重要的是，焦焦登堂入室，把乐乐借由快乐记忆建立起的“我是个很棒的人”的自我意识球拔掉，扔进遗忘区之后，乐乐带着主情绪小分队尝试装回自我意识球的故事，其实和第一部送回核心记忆球的危机并无本质区别。 《头脑特工队》（2015）剧照。 而在冒险的终点，乐乐放弃装回原有的自我意识，任由莱莉的意识树生长出带有各种颜色的“全新的自我意识”，不过也就是第一部中“黄蓝核心记忆球”升级版本。那些复杂的、痛苦的甚至残酷的情绪和青春期体验，都淹没了在新角色焦焦片面化的夺权式统治之下。结局仍然是旧情绪接纳了新情绪，但与前作悲伤的价值被看见不同，焦虑的价值并没有被清晰、准确体现出来。 妖魔化焦虑，扁平化其他情绪 春天说： 即便是我，也迷失于我浪费的分分秒秒。 我是不能被照亮的光室： 我的焦虑是荒山上的一束火花， 我的爱是一座绿色灯塔。 ——阿多尼斯《我的焦虑是一束火花》 橙色的焦焦确实有着火花般的造型，掌管焦虑，过度活跃的它，把莱莉进入冰球队的渴望无限膨胀为同辈竞争的压力。在它燃烧的摧毁力之下，其余的新情绪角色基本只起到陪衬作用。 粉色的尬尬就像是为了缓解尴尬场面才诞生的功能性情绪。即便在帮助忧忧隐藏在大脑总部的关键性节点上，我们也无法得知尬尬的真正想法。这种功能性的推进作用使得尬尬成为纸片化的工具人，作为角色的人格复杂性完全被抹去了。 《头脑特工队2》（2024）剧照。 总是躺在沙发上玩手机、对一切都提不起兴趣的紫色丧丧，比起其他角色，简直可以算是最贴近当下年轻人状态的情绪——自己即世界。这也是韩炳哲在《倦怠社会》中总结的文化现象，人们通过这种倦怠的状态重新感知世界。他与彼得·汉德克都注意到了这种当代心态：“倦怠是我的朋友，我重新回归到世界之中。” 丧丧的不作为和消极对待，使得焦焦和乐乐的过度积极呈现出了喜剧性的讽刺感。但这种对当下青年真实情绪的贴近也没能有效参与到叙事之中。丧丧的“慢”，更多时候不过是被用来调节叙事节奏。 《头脑特工队2》（2024）剧照。 这些新情绪都在焦焦的“反派化”设定下变得扁平而刻板。影片从一开始便在对抗和否认焦虑。大脑总部深夜红色警报大作，以驱赶的姿态邀请这些非主流情绪入住，但问题是，它们真的无用而危险吗？ 在我们所处的时代，现代社会文化在经济上奉行竞争原则，对爱、财富、权力与名誉的追求给身在其中的人们带来了大量的焦虑感。心理学家卡伦·霍尼在《我们时代的神经症人格》中梳理了焦虑的作用机制和人们对待焦虑的方式：“在我们的文化中，主要有四种摆脱焦虑的方法：一是把焦虑合理化，二是否认焦虑，三是麻痹自己，四是回避一切可能导致焦虑的思想、情感、冲动和情境。”人们习惯去对抗它，却“很少意识到焦虑在生活中的重要性”。 《头脑特工队2》（2024）剧照。 在前作中，虽然忧忧也曾被排挤，惹出不少麻烦，但它从来不是反派。能否进入冰球队是《头脑特工队2》的主要外部事件，焦焦因为过度重视其结果，被塑造成了集权主义式领袖般的反派。 焦焦将主情绪们放进玻璃罐，关进黑暗深处的保险库，使它们成为被压抑的情绪，而自己则操控了大脑总部，甚至控制了想象力区域，把负责制造想象力的小人们关进格子间，让它们成为类似《大都会》（1927）电影中的劳工机器，作画预警所有不好的结果，以此激励莱莉。 那场最终发生在想象力中心的起义，带着浓烈的暗黑与现实意味，明显是在向法国喜剧电影《操行零分》（1933）中的枕头大战致敬。这大概是全片中最具有成长意味的惊鸿一瞥：当我们意识到原来还可以反抗外部世界定下的规则、秩序、奖惩并付诸行动的时候，或许就是成长。 电影《操行零分》（1933）剧照。 皮克斯的反童话基因 《头脑特工队》系列从一开始就带有强烈的皮克斯基因。皮克斯擅长为万物重构一套生态系统。它在《机器人总动员》（2008）的宇宙里为机器人瓦力描绘过浪漫，也在《玩具总动员》（1995）中表现出了玩具“被玩”背后的残酷意味；它在《怪兽电力公司》（2001）里发现过笑与恐惧的发电机制，也在《飞屋环游记》（2009）时用气球与爱令回忆之家得以飞行。 在《头脑特工队》中，皮克斯则用虚幻之物让虚幻之物变得可见。按下一些按钮，滑动几个拉杆，就可以操控那些连我们自己都难以觉察的情绪。而每天都在被生产出来的记忆球，成了无比重要，却又在某些时刻不得不被抛弃的东西。 《头脑特工队2》（2024）剧照。 可是，九年过去了，为什么我们更难对青春期的莱莉产生共情？ 这或许与电影的主题有关。到底什么决定着“我们是谁”？这是《头脑特工队2》试图探讨的问题。在两部电影的叙事里，都是乐乐在主导着一切，但它最终明白，“我们无权决定莱莉是什么样的人”。这句话的潜台词其实是，快乐，也没有权力决定莱莉是什么样的人。 那是什么决定着莱莉是谁呢？答案或许与影片始终选择“否认焦虑”的叙事策略共享了相同的脉络。青春期的莱莉想法简单而纯粹：“我是一个很棒的人”或者“我不够好”。在是否能加入冰球队、是否能进球得分以及是否显得像一个高中生的判断标准下，那条基准线变得单一而粗暴。 就像主角始终得是富有行动力的乐乐和焦焦那样：只有积极的生活，有成就的行动，才是正向的自我。可是，在被东亚的功绩精神“卷”着长大的我们看来，莱莉所谓的青春期失败，可能还不如没拿第一名的考卷必须要签上家长的名字那般可怕。 《头脑特工队2》（2024）剧照。 这种无限接近胜利者叙事的核心，其实已经与皮克斯感动世界的逻辑相去甚远。同样是童话故事，迪士尼与皮克斯一直有着本质区别。从公主与王子式浪漫婚恋故事起家的迪士尼，长久以来擅长用童话的逻辑粉饰真实世界的问题。这一趋势在迪士尼近年来对真人童话故事的现代化改造上体现明显：贝儿发明洗衣机成为女权主义者，小美人鱼也可以拥有黑皮肤。 但皮克斯的故事总是带着反童话的内核。如果说迪士尼始终在追求无限靠近“正确的童话”，那皮克斯想要抵达的则是“童话的哀伤”。所以我们才能在《寻梦环游记》（2017）里透过少年米格的眼睛去学习生死；在《飞屋环游记》里跟着迟暮之人重读过去与现在；而《机器人总动员》里就算是瓦力压过一只蟑螂，整个宇宙的时间都要为它暂停；在《头脑特工队》中，冰棒消逝在黑暗中的歌声，则因为隐没而变得永恒。 除了对焦虑的不当设置，《头脑特工队2》难以令人满意的另一点，或许就藏在它把“怀旧奶奶”情绪（Nostalgia）送回门内的一刹。因为青春太短，还够不上被怀旧；而青春在这次的故事里也同样不够长，还没能达成一场真正的哀伤。 《头脑特工队2》（2024）剧照。 有关成长里的那些遗忘、失去、牺牲、告别在这里被冰球和胜利的“速度”远远抛下，我们和莱莉都还来不及去仔细翻一翻那些被扔掉的、蒙了灰尘的废弃记忆球。它们擦亮了，或许也很好看。 本文为独家原创内容。撰文：闵思嘉；编辑：荷花；校对：柳宝庆。未经新京报书面授权不得转载。"
https://img2.doubanio.com/view/photo/s_ratio_poster/public/p2909766991.jpg,云边有个小卖部,书是高一看完的，后面陆陆续续也还是温故了一些片段，所以剧情只记得大概，很多细节都忘了，但是对于这本书还是比较喜欢的。 知道要出电影的时候还是很期待的，特别是张嘉佳主导时更加期待了，毕竟作者亲自上场对电影整体情节还是有保障的，不至于魔改。今天首映就迫不及待去看...,"书是高一看完的，后面陆陆续续也还是温故了一些片段，所以剧情只记得大概，很多细节都忘了，但是对于这本书还是比较喜欢的。


知道要出电影的时候还是很期待的，特别是张嘉佳主导时更加期待了，毕竟作者亲自上场对电影整体情节还是有保障的，不至于魔改。今天首映就迫不及待去看了。


开头是八分钟的动漫，这样的处理有好有坏，避免了小演员的选角不搭，也是一种创新；但是我觉得动漫和真人始终还是不同的（二次元是二次元，三次元是三次元两者并不相通）即使故事是一样的。虽然动漫和真人衔接处有点出戏外，总感还是不错的；后面许多的名场面都还原的很好，就是节奏太紧凑了，很多铺垫都没有，导致后面的有些情节很突兀，配角也不够立体，但一部电影的时长要演完一本书的全部内容确实不现实。


整部影片我觉得最减分的一项就是牡丹来云边镇来看刘十三，她的动机没有处理好，一开始就那么决绝的删了刘十三，后来还千里迢迢的来看刘十三还发个好人卡，前后割裂太大，没有承上启下的情节看起来就很突兀，就是一个推动男女主感情的工具人；还有就是也子的肢体大动作太多了，虽然程霜确实是一个活泼的人，但她演的不像有大病的有点像多动症的人。 后面程霜的手术结局改成了开放式，应该是作者在不愿意大改原著结局前提下最后的让步吧，也是留给刘十三的温柔，刘十三太苦了，从小被外婆带大，外婆最后也走了，程霜再走真的就剩他一个人了，改成开放式结局，留点希望，也给观众留点想象的空间。 总的来说，这个电影在我心中能在七分，两个男女主真的很贴角色，也子真的好美，张艺凡的秦小贞也很惊艳，入股不亏。"
https://img2.doubanio.com/view/photo/s_ratio_poster/public/p2909766991.jpg,云边有个小卖部,我探天天刷电影，烂片常常有，工伤天天得。 但这部电影真的是「年度工伤」。 131分钟的电影，有131次想站起来走人。 心中不时蹦出那句经典的破口大骂： XXX，退钱！！！ 但光说烂是感性情绪，说明白烂在哪里才是理性分析。 今天，我探就来评一评这部令人发指的电影—— 「云边...,我探天天刷电影，烂片常常有，工伤天天得。 但这部电影真的是「年度工伤」。 131分钟的电影，有131次想站起来走人。 心中不时蹦出那句经典的破口大骂： XXX，退钱！！！ 但光说烂是感性情绪，说明白烂在哪里才是理性分析。 今天，我探就来评一评这部令人发指的电影—— 「云边有个小卖部」 >>>>华语电影扫把星 本片导演张嘉佳。 也是知名矫情空洞作家。 这部电影便是改编自他自己的同名小说。 为了能给大家讲清楚这部需要用一生来治愈的电影，我探甚至还去扒了一遍原著小说。 相当于排雷本已经把自己炸了个遍体鳞伤，还要再了解一下这颗雷是怎么做的。 电影相较于小说，改动不大，可以说是一比一复刻。 它讲述了青年刘十三（彭昱畅饰演）在大城市中迷失自我，被外婆王莺莺（艾丽娅饰演）带回了故乡云边镇，青梅竹马程霜（周也饰演）和外婆王莺莺陪伴着刘十三度过了一段时光。 在这期间，又以刘十三的视角展现了小镇上生活的各色人等。 亲情、友情、爱情；小镇、故乡、风俗。 集合了以上动人的元素，一个原本可以讲好的故事，在张嘉佳的手下却变得稀碎。 举个例子。 看到程霜这个角色开头说自己得了病随时都可能会死时，我探就在想，不会出现身患绝症生离死别的老套桥段吧？ 再看到外婆出场时，我探又在想，结尾千万不要是外婆得病离世啊。 可您猜怎么着？ 两种担心，无一幸免。 张嘉佳像是生怕表现出自己创作有新意一样。 条条大路通套路啊。 更可怕的是，在程霜要回大城市做“最后一次手术”前来找刘十三告别。 她到了门口不让刘十三开门，在门外说了诸如 “我不许你开门”“你要好好吃饭” 等此类令人脚趾能抠出写字楼大平层的话。 哦对，同时还伴有飘落的花瓣。 慢镜头，轻音乐。 应到所有让人尴尬的元素，实到所有让人尴尬的元素。 为什么在这里没有设置剧透预警呢？ 因为谁去电影院看这部电影的话，我探真的会伤心的OK? 当然，这一切出自张嘉佳之手并不意外。 2010年，张嘉佳以编剧身份进入电影行业。 选中他的是乌尔善导演。 两人合作的作品便是 《刀见笑》 。 豆瓣评分5.9。 差一点及格，好险。 张嘉佳凭借本片获得了金马奖最佳改编剧本的提名。 可能是那一年瞎掉的马给了张嘉佳信心吧，让他做出了一心一意祸害电影行业的决定。 2016年，又以编剧身份改编了自己的小说 《从你的全世界路过》 。 导演是张一白。 豆瓣评分5.3。 退步了倒是不气馁，还要以导演身份接着退。 同年年末，张嘉佳自编自导的处女作 《摆渡人》 上映。 豆瓣评分4.1。 这一步退得真扎实。 在背后以制片人身份为其保驾护航的王家卫一度被影迷们怀疑是不是有什么把柄落在了张嘉佳手里。 进入电影行业的三部作品口碑全面崩塌，甚至是仅仅以特别鸣谢身份挂名的《匆匆那年》豆瓣评分也仅有5.6。 不及格分数打卡爱好者。 华语电影扫把星。 大导演职业生涯路上的绊脚石。 ——张嘉佳。 就是这样一个先天不该拍电影的圣体还偏偏不信邪，决定将自己的小说《云边有个小卖部》也搬上大银幕。 筹备六年，掐指一算，要给2024年的观众送上一场噩梦。 不免让人想起著名哲学家尼采的那本经典著作： 《悲剧的诞生》。 >>>>烂得不止一点点 把小说改编成电影，如果完全遵从小说，并不是明智之举。 特别是改编自己的小说，一定要学会取舍，而不是捧着自己的书觉得删掉任何一处细节都很可惜。 曹雪芹可以如此自恋，但张嘉佳不可以。 但他偏偏如此。 小说中描写的情节、人物，张嘉佳一股脑地塞进了电影里。 这就导致了一种东一榔头西一棒槌的观感。 最要命的是还欠缺基本逻辑。 比如，刘十三在大城市卖保险业绩很差，和领导怄气打赌一年卖出去一千单。 然后被外婆接回家的他听从了程霜的建议，开始在云边镇卖保险。 一年后他真的卖出去了一千单，回到公司倍受欢迎。 请问刘十三入职的是什么神仙公司？ 这一年不打卡不坐班，画了个饼就跑回老家，公司竟然不辞退他？ 类似这种槽点在影片中可以说俯拾皆是。 并且，以刘十三为核心展开的主线本就没有讲清楚。 正疑惑落点在是在亲情还是在爱情上的时候，又通过他展开了三条更加杂乱的支线。 三条线有三组人物： 王勇和球球（父女关系） 牛大田和秦小贞（情侣关系） 毛婷婷和毛志杰（姐弟关系） 能理解张嘉佳是想要织一张小镇人情网，以丰富文本内容，但这里面的人物动机全部存在问题。 比如最典型的牛大田（孔连顺饰演），常年暗恋秦小贞（张艺凡饰演）却不被待见。 秦小贞想看一场剧院演出却没有买到票。 刘十三帮忙搞到了演出票，牛大田于是邀请秦小贞来看演出。 （在这里插播一条消息：这场一票难求的演出的名字叫《从你的全世界路过》。） 自恋的人真可怕。 言归正传，牛大田在剧院门口等秦小贞。 本以为姗姗来迟的秦小贞是要来告诉牛大田不要再骚扰自己，没想到却来了一段深情表白。 她说自己也喜欢牛大田，但是父母完全不同意。 然后全片最令人费解的十大场面之NO.1出现了： 牛大田振臂高呼说给自己十分钟，本以为他是要用这十分钟跟秦小贞父母好好沟通。 但没想到，他跑回了自己开的卖假货的工厂，一把火把厂子给烧了，顺便放了场烟花....... 再跑回来就给秦小贞父母突然下跪，表示自己不会再做不光彩的生意。 秦小贞竟然也跟着下跪，表现一种嫁鸡随鸡嫁狗随狗的爱之深沉。 人物设定之虚浮、情感来源之莫名其妙。 无论是在另外两条支线，还是主线当中，都随处可见。 包括程霜对刘十三的感情。 就因为小时候相处过一个月，刘十三送给自己一罐萤火虫，长大后的程霜就要无私分享陪伴刘十三渡过难关？ 都2024年了，张嘉佳能不能别再意淫这种田螺姑娘式的角色了。 人物不合理，演员的表演一定不成立。 无论是流量明星，还是一些不入流的喜剧演员，本身表演就存在问题。 再碰上这种难以理解的角色，最后就只剩浮夸的面部表情和肢体动作，以及时不时的大呼小叫。 如果不是老演员艾丽娅还能通过自己的细腻表演来维持一下局面。 后果真的难以想象。 当然，难以想象的还有大量不合时宜的配乐。 张嘉佳滥用音乐来制造他认为的幽默，实则是尴尬到完全笑不出来的“笑点”。 也滥用音乐来煽情，颇有一种把切开的洋葱往观众眼前硬推的感觉。 于是，原本可以兼具温暖与悲凉的底色。 被张嘉佳亲手涂抹掉了。 >>>>投机取巧太可耻 但是，影片也确实欺骗到了一些观众的眼泪。 看哭的观众并没有错，他们可能是代入了个人经历。 但张嘉佳一定有错，因为这样的创作的方式太过投机。 他不止是给外婆王莺莺这一角色安排了悲剧的结尾。 亦有程霜的绝症、王勇突然发疯后被警察击毙。 以上人物，均被塑造得非常平面。 外婆任劳任怨、程霜也任劳任怨。 王勇虽疯癫却可怜。 人物完全没有弧光可言，全部都是工具。 到了尾段，就用突如其来的病症、情绪失控或死亡来制造一种心理暗示： 如此善良的人却要经历如此悲惨的结局，不哭会不会不人道？ 这完全是对善良的一种利用和消费。 让观众陷入道德绑架式的共情，从而换来经不起推敲的认可。 真正打动人心的影视作品，是无论过去多久再拿出来都是可信的。 而不是一种刻意为之的刺激手段。 比如 《漫长的季节》 ，同样包含亲情、爱情、友情等情感元素。 但辛爽导演和他的几位编剧非常尊重人物，也尊重现实。 以一场命案为引，给出每个人物的发展脉络，丰富但不冗杂。 最后震撼人心的是命案背后、时代车轮下每个人无常的命运。 所以我们看范伟老师饰演的王响最后追逐火车跟年轻时的自己说：往前看，别回头。 短短六个字，包含了太多情感。 往前看，看的是和解与新生。 别回头，是不要回望苦痛与磨难。 能体会到时间的长河从每个人身边缓缓流过。 可《云边有个小卖部》所做的是什么，用与影片内容毫无关联的节气营造一种一年四季变幻无常的假象。 春天、夏天、秋天均是一潭死水。 到了冬天就突然要求一切流动起来，要求命运急转直下。 这完全不可信，甚至非常可耻。 又要在刚煽完情后马上接一些做作的“一切都会好”的意象。 一边切洋葱逼着观众流眼泪，一边又要熬一大锅没有营养的鸡汤逼着观众喝下去。 再看“云边镇”这一设置。 张嘉佳曾解释说“云边镇”是把自己的故乡江苏南通的一个小镇和贵州山区小镇结合起来虚构的地域。 在影片中，用了大量空镜来展示“云边镇”的风貌。 可是一旦深入内里，并没有让人感觉到“云边镇”的独特之处。 除了设置了一个为逝者点灯笼的所谓“传统习俗”。 其他均乏善可陈。 “云边镇”无非是张嘉佳贩卖的一种“诗与远方”的廉价想象。 但生活这首诗，张嘉佳完全没有读懂的天赋。 只可谓“金玉其外，败絮其中。” 《漫长的季节》同样是虚构出一个东北工业小城“桦林”。 可“桦林”被辛爽打磨得有血有肉，有停滞不前亦有时光飞逝。 导演能力之差距显而易见。 但可悲的是，我们的影视创作环境中却不止一个“张嘉佳”。 诸如郭敬明等同样从作家身份转行进入电影行业的导演。 把他们在文学领域养成的“无病呻吟”的毛病继续培植进电影当中。 依靠流量制造出 《爵迹》《小时代》《悲伤逆流成河》 等旷世垃圾。 更可悲的是，“张嘉佳”之辈却能屡次获得高票房。 《云边有个小卖部》截至目前票房竟然已过2亿。 不禁想起《功夫》中鳄鱼帮老大的那句天问： 还有王法吗？ 不过看到豆瓣开分5.4（俩数字倒过来分都高），再次不及格。 想必还是有王法。 这样劣质的作品屡屡产出且能获得高票房，必然是对华语电影的一种侮辱。 但是口碑上的反馈又会使其暴露出真实面目。 俗话说：“是骡子是马拉出来遛遛。” 拉出来一看： 全是骡子。 文/银河 首发于公众号影探（ttyingtan）
https://img1.doubanio.com/view/photo/s_ratio_poster/public/p2909591490.jpg,海关战线,暑期档了马上，把《海关战线》当做当头炮来聊。 不仅仅是很高的商业属性吧，还有邱礼涛本身较为强烈的97情绪（几乎要够到《拆弹专家2》的程度了），都让本片在炸裂的形式与对时代焦虑的呈现上并驾齐驱（尽管文戏还是糙得不行）。 关于体制，张允南被女友邵雅莹及上司郭子强两套...,"暑期档了马上，把《海关战线》当做当头炮来聊。

不仅仅是很高的商业属性吧，还有邱礼涛本身较为强烈的97情绪（几乎要够到《拆弹专家2》的程度了），都让本片在炸裂的形式与对时代焦虑的呈现上并驾齐驱（尽管文戏还是糙得不行）。

关于体制，张允南被女友邵雅莹及上司郭子强两套体系弄到狂躁，最后落得个“小公务员之死”的下场，以控诉上层斗法对下层的异化，同时“二”虎相争“一”人遭殃的隐喻，也有对一国两制的一种潜在回应——姓资还是姓社，或许，并非一个平头百姓需要回答的问题。

抛开对制度侵害的呈现，邱礼涛这次也对外在侵略做了呈现。《失眠》那会骂日本，讲性本恶，这回矛头直指日不落。最后潜水艇冲撞维多利亚港显然是反英反殖民的，毕竟片子里的坏人多半是外国人，鬼佬嘛。卖这个给A，卖那个给B，然后撺掇人打，混蛋一个。

个体被体制弄乱，集体又被外族搅浑。时代焦虑以及历史批判都有，然后就是周正礼跟ying这条线。

怎么说呢，上回邱礼涛玩名字游戏还是《莫斯科行动》，老情人真真与女儿“假假”。穿青马大桥说以前来过，那这次呢？男友之死，一下就让故地重游陌生化了？

时空间的差异恰恰形成一种物是人非的悲凉感，同时，相同的名字又让张允南的“反”多了一些疑问——这一切是否又是莹（ying）的一个局？邵雅莹是否早就知道张允南所做的一切，只为自己的仕途铺路？毕竟一直在提醒周正礼自己的师父可能是坏人的是ying（一体两面）。

如果按这么理解，那到最后也没有人是胜利的。两个ying都失去了爱人，张允南自我毁灭，周正礼也只是守着他空洞的正义……至于香港的一部分，也沉入维多利亚湾。

说来说去，邱礼涛这次到底想要表达什么？估计还是张允南对莹所许诺的那个理想：在那个自由的小岛上安度晚年。

礼法需不需要正？我不知道。我只知道，你曾允诺过我一个梦里的南边。或许这也是邱礼涛反英雄、反体制表达的根源——那朵根本就不存在的盛开在理想之地的自由自在的紫荆花。"
https://img2.doubanio.com/view/photo/s_ratio_poster/public/p2909766991.jpg,云边有个小卖部,🎬 《云边有个小卖部》 蔚蓝的天空下， 云边小卖部坐落在小镇一隅， 它承载着无数的温暖与感动， 也见证了生命的坚韧与脆弱。 云边的小卖部， 货架堆着岁月和夕阳，背后就是山，梦里小镇落雨，开花，起风，挂霜， 老人靠着躺椅假装睡着， 小孩子轻轻偷走一块糖。 泪水在何时...,"🎬 《云边有个小卖部》
蔚蓝的天空下，
云边小卖部坐落在小镇一隅，
它承载着无数的温暖与感动，
也见证了生命的坚韧与脆弱。
云边的小卖部，
货架堆着岁月和夕阳，背后就是山，梦里小镇落雨，开花，起风，挂霜，
老人靠着躺椅假装睡着，
小孩子轻轻偷走一块糖。
泪水在何时落地，飞鸟要去往何方？
人们聚和离，云朵来又往；
讲故事的人，总有一个故事不愿讲，时光在飞逝，悄悄话也变成了纸张。
那么热的夏天，
树叶被风吹得轻轻晃，
阳光破碎，蝉声隐匿。
少年的后背被女孩的悲伤，
烫出一个洞，一直贯穿到心脏。
云边的小卖部，
这里有刘十三清澈的童年，
有他爱做酒酿及山间美味的外婆，
有热情阳光无畏生命的女孩程霜，
有岁月洗过的石子，
有阳光吻过的青草，
有他想追忆的曾经。
原来，真正的告别，
没有长亭古道，没有桃花潭水，
只不过在同样洒满阳光的清晨，
有人留在了昨天。
有朵盛开的云，缓缓滑过山顶，
随风飘向天际，我们慢慢明白，
有些告别就是最后一面。
山这边，是刘十三的童年，
山那边，是属于外婆的海。
故乡啊故乡，这就是故乡，
生我养我的地方。
眷恋、深爱、一辈子也无法忘怀，
因为路上有着从未断绝的一缕光。
生命中，我们都曾遇见过很多人，
有些人刻骨铭心，没几年却遗忘；
有些人不论生死，一直都在身旁。
每个人都会长大，
生命中的那束光，
会永远陪伴着我们。
不要怕没人爱我们，
因为人生这条路途，
爱我们的人会一直出现在路上。
生命也是有光的，在我熄灭之前，
能够照亮你一点，是我能做的所有。
为别人活着，也要为自己活着，
希望和悲伤，都是一缕光，
总有一天，我们会再相遇。
云边小镇的故事已经结束了，
但刘十三的人生才刚刚开始… 云边有个小卖部 (2024) 5.4 2024 / 中国大陆 / 剧情 爱情 家庭 / 张嘉佳 / 彭昱畅 周也"
