名称,图片链接
离开的，留下的,https://img3.doubanio.com/mpic/s29535271.jpg
利维坦之书,https://img3.doubanio.com/mpic/s29554772.jpg
吃瓜时代的儿女们,https://img3.doubanio.com/mpic/s29590893.jpg
废土,https://img3.doubanio.com/mpic/s29578984.jpg
巫术师,https://img3.doubanio.com/mpic/s29540995.jpg
伊凡·伊里奇之死,https://img3.doubanio.com/mpic/s29594483.jpg
豆树青青,https://img1.doubanio.com/mpic/s29529748.jpg
命运的内核,https://img3.doubanio.com/mpic/s29553096.jpg
传家之物,https://img1.doubanio.com/mpic/s29597818.jpg
豹变,https://img3.doubanio.com/mpic/s29581865.jpg
少年们想从侧面看烟花,https://img3.doubanio.com/mpic/s29535595.jpg
灵契,https://img1.doubanio.com/mpic/s29576359.jpg
高堡奇人,https://img1.doubanio.com/mpic/s29578449.jpg
秘密,https://img3.doubanio.com/mpic/s29562250.jpg
弗兰基的蓝色琴弦,https://img3.doubanio.com/mpic/s29551562.jpg
芬妮·希尔,https://img1.doubanio.com/mpic/s29536258.jpg
流吧！我的眼泪,https://img1.doubanio.com/mpic/s29563539.jpg
海上钢琴师,https://img3.doubanio.com/mpic/s29542782.jpg
爸爸,https://img3.doubanio.com/mpic/s29575320.jpg
寓言,https://img3.doubanio.com/mpic/s29607494.jpg
日常生活中的核心基础运动,https://img3.doubanio.com/mpic/s29558402.jpg
草间居游,https://img3.doubanio.com/mpic/s29517724.jpg
实用性阅读指南,https://img1.doubanio.com/mpic/s29522327.jpg
您厉害，您赚得多,https://img3.doubanio.com/mpic/s29597572.jpg
沿河行,https://img3.doubanio.com/mpic/s29558501.jpg
美国人与中国人,https://img3.doubanio.com/mpic/s29595730.jpg
高难度对话：如何与挑剔的人愉快相处,https://img3.doubanio.com/mpic/s29543691.jpg
亚洲史概说,https://img1.doubanio.com/mpic/s29582307.jpg
慈悲与玫瑰,https://img3.doubanio.com/mpic/s29590992.jpg
美术馆里聊怪咖,https://img1.doubanio.com/mpic/s29561878.jpg
詹森艺术史（插图第7版）,https://img1.doubanio.com/mpic/s29533317.jpg
战败者,https://img3.doubanio.com/mpic/s29581042.jpg
天下为学说裂,https://img3.doubanio.com/mpic/s29607602.jpg
漆涂师物语,https://img3.doubanio.com/mpic/s29560633.jpg
诸众的语法,https://img3.doubanio.com/mpic/s29562233.jpg
序曲 或一位诗人心灵的成长,https://img3.doubanio.com/mpic/s29578371.jpg
欧亚皇家狩猎史,https://img3.doubanio.com/mpic/s29589664.jpg
这就是奥斯维辛,https://img3.doubanio.com/mpic/s29530671.jpg
未尽之路：世界电影地图亚洲和大洋洲卷,https://img3.doubanio.com/mpic/s29536102.jpg
三岛由纪夫追记,https://img3.doubanio.com/mpic/s29507081.jpg
